ID,Form_ID,Form,Cognateset_ID,Doubt,Cognate_Detection_Method,Source,Alignment,Alignment_Method,Alignment_Source
CNa-1_alltodos-1-1,CNa-1_alltodos-1,mochi-n,1,false,expert,Davletshin2012,,,
TNa-1_alltodos-1-1,TNa-1_alltodos-1,nochiː,1,false,expert,Davletshin2012,,,
NPN-1_alltodos-1-1,NPN-1_alltodos-1,nochi-n,1,false,expert,Davletshin2012,,,
MNa-1_alltodos-1-1,MNa-1_alltodos-1,nochi,1,false,expert,Davletshin2012,,,
PNa-1_alltodos-1-1,PNa-1_alltodos-1,nochi,1,false,expert,Davletshin2012,,,
JNa-1_alltodos-1-1,JNa-1_alltodos-1,muchi,1,false,expert,Davletshin2012,,,
Pip-1_alltodos-1-1,Pip-1_alltodos-1,muchi,1,false,expert,Davletshin2012,,,
Poch-1_alltodos-1-1,Poch-1_alltodos-1,nochó,1,false,expert,Davletshin2012,,,
CNa-2_ashes-1-1,CNa-2_ashes-1,nex-tli,2,false,expert,Davletshin2012,,,
TNa-2_ashes-1-1,TNa-2_ashes-1,tlako-nex-tliː,2,false,expert,Davletshin2012,,,
NPN-2_ashes-1-1,NPN-2_ashes-1,tleko-nex-tli,2,false,expert,Davletshin2012,,,
MNa-2_ashes-1-1,MNa-2_ashes-1,kwa-neːx,2,false,expert,Davletshin2012,,,
PNa-2_ashes-1-1,PNa-2_ashes-1,ba-neːx,2,false,expert,Davletshin2012,,,
JNa-2_ashes-1-1,JNa-2_ashes-1,kó-nex-ti,2,false,expert,Davletshin2012,,,
Pip-2_ashes-1-1,Pip-2_ashes-1,nex-ti,2,false,expert,Davletshin2012,,,
Poch-2_ashes-1-1,Poch-2_ashes-1,nox-t,2,false,expert,Davletshin2012,,,
CNa-3_bark-1-1,CNa-3_bark-1,eːwa-tl,3,false,expert,Davletshin2012,,,
TNa-3_bark-1-1,TNa-3_bark-1,yewa-yu-tl,3,false,expert,Davletshin2012,,,
NPN-3_bark-1-1,NPN-3_bark-1,-yewa-yo,3,false,expert,Davletshin2012,,,
MNa-3_bark-1-1,MNa-3_bark-1,kwa-kahloː-ʔ,4,false,expert,Davletshin2012,,,
PNa-3_bark-1-1,PNa-3_bark-1,-ba-gahlo,4,false,expert,Davletshin2012,,,
JNa-3_bark-1-1,JNa-3_bark-1,-sul-koi,5,false,expert,Davletshin2012,,,
Pip-3_bark-1-1,Pip-3_bark-1,-eːwa-yu,3,false,expert,Davletshin2012,,,
CNa-4_belly-1-1,CNa-4_belly-1,-iʔte,6,false,expert,Davletshin2012,,,
TNa-4_belly-1-1,TNa-4_belly-1,-ihte,6,false,expert,Davletshin2012,,,
NPN-4_belly-1-1,NPN-4_belly-1,-ihte,6,false,expert,Davletshin2012,,,
MNa-4_belly-1-1,MNa-4_belly-1,-talax,7,false,expert,Davletshin2012,,,
PNa-4_belly-1-1,PNa-4_belly-1,-ihti,6,false,expert,Davletshin2012,,,
JNa-4_belly-1-1,JNa-4_belly-1,-ihti,6,false,expert,Davletshin2012,,,
Pip-4_belly-1-1,Pip-4_belly-1,-ihti,6,false,expert,Davletshin2012,,,
CNa-5_big-1-1,CNa-5_big-1,weː,8,false,expert,Davletshin2012,,,
TNa-5_big-1-1,TNa-5_big-1,bieyiː,8,false,expert,Davletshin2012,,,
NPN-5_big-1-1,NPN-5_big-1,weyi,8,false,expert,Davletshin2012,,,
MNa-5_big-1-1,MNa-5_big-1,weyi,8,false,expert,Davletshin2012,,,
PNa-5_big-1-1,PNa-5_big-1,weːy,8,false,expert,Davletshin2012,,,
JNa-5_big-1-1,JNa-5_big-1,wey,8,false,expert,Davletshin2012,,,
Pip-5_big-1-1,Pip-5_big-1,weːy,8,false,expert,Davletshin2012,,,
Poch-5_big-1-1,Poch-5_big-1,huhióm,8,false,expert,Davletshin2012,,,
CNa-6_bird-1-1,CNa-6_bird-1,toːtoː-tl,9,false,expert,Davletshin2012,,,
TNa-6_bird-1-1,TNa-6_bird-1,tutu-tl,9,false,expert,Davletshin2012,,,
NPN-6_bird-1-1,NPN-6_bird-1,toto-tl,9,false,expert,Davletshin2012,,,
MNa-6_bird-1-1,MNa-6_bird-1,toːtoː-ʔ,9,false,expert,Davletshin2012,,,
PNa-6_bird-1-1,PNa-6_bird-1,toːto-t,9,false,expert,Davletshin2012,,,
JNa-6_bird-1-1,JNa-6_bird-1,tuːru-t,9,false,expert,Davletshin2012,,,
Pip-6_bird-1-1,Pip-6_bird-1,tuːtu-t,9,false,expert,Davletshin2012,,,
CNa-7_bite-1-1,CNa-7_bite-1,-keʔtzom,10,false,expert,Davletshin2012,,,
TNa-7_bite-1-1,TNa-7_bite-1,-ketzoma,10,false,expert,Davletshin2012,,,
NPN-7_bite-1-1,NPN-7_bite-1,-tlan-kechiya,11,false,expert,Davletshin2012,,,
MNa-7_bite-1-1,MNa-7_bite-1,-tan-kwa,12,false,expert,Davletshin2012,,,
PNa-7_bite-1-1,PNa-7_bite-1,-tam-ba,12,false,expert,Davletshin2012,,,
Pip-7_bite-1-1,Pip-7_bite-1,-tan-kwa,12,false,expert,Davletshin2012,,,
CNa-8_black-1-1,CNa-8_black-1,tliːl-tik,13,false,expert,Davletshin2012,,,
TNa-8_black-1-1,TNa-8_black-1,tlil-tiːk,13,false,expert,Davletshin2012,,,
NPN-8_black-1-1,NPN-8_black-1,tlil-tik,13,false,expert,Davletshin2012,,,
MNa-8_black-1-1,MNa-8_black-1,piːs-tiʔ,14,false,expert,Davletshin2012,,,
PNa-8_black-1-1,PNa-8_black-1,pis-tik,14,false,expert,Davletshin2012,,,
JNa-8_black-1-1,JNa-8_black-1,yayák,15,false,expert,Davletshin2012,,,
Pip-8_black-1-1,Pip-8_black-1,tiːl-tik,13,false,expert,Davletshin2012,,,
CNa-9_blood-1-1,CNa-9_blood-1,es-tli,16,false,expert,Davletshin2012,,,
TNa-9_blood-1-1,TNa-9_blood-1,yes-tliː,16,false,expert,Davletshin2012,,,
NPN-9_blood-1-1,NPN-9_blood-1,yes-tli,16,false,expert,Davletshin2012,,,
MNa-9_blood-1-1,MNa-9_blood-1,es-ti,16,false,expert,Davletshin2012,,,
PNa-9_blood-1-1,PNa-9_blood-1,es-ti,16,false,expert,Davletshin2012,,,
JNa-9_blood-1-1,JNa-9_blood-1,es-ti,16,false,expert,Davletshin2012,,,
Pip-9_blood-1-1,Pip-9_blood-1,es-ti,16,false,expert,Davletshin2012,,,
Poch-9_blood-1-1,Poch-9_blood-1,es-t,16,false,expert,Davletshin2012,,,
CNa-10_bone-1-1,CNa-10_bone-1,omi-tl,17,false,expert,Davletshin2012,,,
TNa-10_bone-1-1,TNa-10_bone-1,miːmiːte-tl,18,false,expert,Davletshin2012,,,
NPN-10_bone-1-1,NPN-10_bone-1,ohmi-tl,17,false,expert,Davletshin2012,,,
MNa-10_bone-1-1,MNa-10_bone-1,omi-ʔ,17,false,expert,Davletshin2012,,,
PNa-10_bone-1-1,PNa-10_bone-1,omi-t,17,false,expert,Davletshin2012,,,
JNa-10_bone-1-1,JNa-10_bone-1,umi-t,17,false,expert,Davletshin2012,,,
Pip-10_bone-1-1,Pip-10_bone-1,uːmi-t,17,false,expert,Davletshin2012,,,
Poch-10_bone-1-1,Poch-10_bone-1,o-t,17,false,expert,Davletshin2012,,,
CNa-11_breast-1-1,CNa-11_breast-1,-chiːchiːwal,19,false,expert,Davletshin2012,,,
TNa-11_breast-1-1,TNa-11_breast-1,-chichiːwal,19,false,expert,Davletshin2012,,,
NPN-11_breast-1-1,NPN-11_breast-1,-chichiwal,19,false,expert,Davletshin2012,,,
MNa-11_breast-1-1,MNa-11_breast-1,-chiːchiwal,19,false,expert,Davletshin2012,,,
PNa-11_breast-1-1,PNa-11_breast-1,-chichiwal,19,false,expert,Davletshin2012,,,
JNa-11_breast-1-1,JNa-11_breast-1,-chichi,20,false,expert,Davletshin2012,,,
Pip-11_breast-1-1,Pip-11_breast-1,-chiːchih,20,false,expert,Davletshin2012,,,
Poch-11_breast-1-1,Poch-11_breast-1,no,21,false,expert,Davletshin2012,,,
CNa-12_burntr-1-1,CNa-12_burntr-1,-tlatiaː,22,false,expert,Davletshin2012,,,
TNa-12_burntr-1-1,TNa-12_burntr-1,-tlatia,22,false,expert,Davletshin2012,,,
NPN-12_burntr-1-1,NPN-12_burntr-1,-tititza,23,false,expert,Davletshin2012,,,
MNa-12_burntr-1-1,MNa-12_burntr-1,-tatiá,22,false,expert,Davletshin2012,,,
PNa-12_burntr-1-1,PNa-12_burntr-1,-tata,22,false,expert,Davletshin2012,,,
JNa-12_burntr-1-1,JNa-12_burntr-1,-tati,22,false,expert,Davletshin2012,,,
Pip-12_burntr-1-1,Pip-12_burntr-1,-tatia,22,false,expert,Davletshin2012,,,
Poch-12_burntr-1-1,Poch-12_burntr-1,-tatí,22,false,expert,Davletshin2012,,,
CNa-13_clawnail-1-1,CNa-13_clawnail-1,iste-tl,24,false,expert,Davletshin2012,,,
TNa-13_clawnail-1-1,TNa-13_clawnail-1,iste,24,false,expert,Davletshin2012,,,
NPN-13_clawnail-1-1,NPN-13_clawnail-1,ist-n,24,false,expert,Davletshin2012,,,
MNa-13_clawnail-1-1,MNa-13_clawnail-1,isti,24,false,expert,Davletshin2012,,,
PNa-13_clawnail-1-1,PNa-13_clawnail-1,-isti,24,false,expert,Davletshin2012,,,
JNa-13_clawnail-1-1,JNa-13_clawnail-1,-isti,24,false,expert,Davletshin2012,,,
Pip-13_clawnail-1-1,Pip-13_clawnail-1,isti-t,24,false,expert,Davletshin2012,,,
Poch-13_clawnail-1-1,Poch-13_clawnail-1,ox-t,24,false,expert,Davletshin2012,,,
CNa-14_cloud-1-1,CNa-14_cloud-1,mix-tli,25,false,expert,Davletshin2012,,,
TNa-14_cloud-1-1,TNa-14_cloud-1,mex-tliː,25,false,expert,Davletshin2012,,,
NPN-14_cloud-1-1,NPN-14_cloud-1,-mex-tli,25,false,expert,Davletshin2012,,,
MNa-14_cloud-1-1,MNa-14_cloud-1,mix-ti,25,false,expert,Davletshin2012,,,
PNa-14_cloud-1-1,PNa-14_cloud-1,miːx-ti,25,false,expert,Davletshin2012,,,
Pip-14_cloud-1-1,Pip-14_cloud-1,mix-ti,25,false,expert,Davletshin2012,,,
Poch-14_cloud-1-1,Poch-14_cloud-1,pix-t?,26,false,expert,Davletshin2012,,,
CNa-15_cold-1-1,CNa-15_cold-1,iːtz-tik,28,false,expert,Davletshin2012,,,
TNa-15_cold-1-1,TNa-15_cold-1,itz-tiːk,27,false,expert,Davletshin2012,,,
NPN-15_cold-1-1,NPN-15_cold-1,itz-tik,27,false,expert,Davletshin2012,,,
MNa-15_cold-1-1,MNa-15_cold-1,seseːʔ,28,false,expert,Davletshin2012,,,
PNa-15_cold-1-1,PNa-15_cold-1,seseːk,28,false,expert,Davletshin2012,,,
JNa-15_cold-1-1,JNa-15_cold-1,sesek,28,false,expert,Davletshin2012,,,
Pip-15_cold-1-1,Pip-15_cold-1,sesek,28,false,expert,Davletshin2012,,,
Poch-15_cold-1-1,Poch-15_cold-1,piná,29,false,expert,Davletshin2012,,,
CNa-16_come-1-1,CNa-16_come-1,witz,30,false,expert,Davletshin2012,,,
TNa-16_come-1-1,TNa-16_come-1,ibitz,30,false,expert,Davletshin2012,,,
NPN-16_come-1-1,NPN-16_come-1,witz,30,false,expert,Davletshin2012,,,
MNa-16_come-1-1,MNa-16_come-1,wiːʔ,30,false,expert,Davletshin2012,,,
PNa-16_come-1-1,PNa-16_come-1,wiːtz,30,false,expert,Davletshin2012,,,
JNa-16_come-1-1,JNa-16_come-1,ñotz,31,false,expert,Davletshin2012,,,
Pip-16_come-1-1,Pip-16_come-1,wiːtz,30,false,expert,Davletshin2012,,,
Poch-16_come-1-1,Poch-16_come-1,witz,30,false,expert,Davletshin2012,,,
CNa-17_die-1-1,CNa-17_die-1,mik,32,false,expert,Davletshin2012,,,
TNa-17_die-1-1,TNa-17_die-1,miːkiː,32,false,expert,Davletshin2012,,,
NPN-17_die-1-1,NPN-17_die-1,miki,32,false,expert,Davletshin2012,,,
MNa-17_die-1-1,MNa-17_die-1,miki,32,false,expert,Davletshin2012,,,
PNa-17_die-1-1,PNa-17_die-1,migi,32,false,expert,Davletshin2012,,,
JNa-17_die-1-1,JNa-17_die-1,miki,32,false,expert,Davletshin2012,,,
Pip-17_die-1-1,Pip-17_die-1,miki,32,false,expert,Davletshin2012,,,
Poch-17_die-1-1,Poch-17_die-1,mok,32,false,expert,Davletshin2012,,,
CNa-18_dog-1-1,CNa-18_dog-1,chichi-,33,false,expert,Davletshin2012,,,
TNa-18_dog-1-1,TNa-18_dog-1,chiːchiː-tu,33,false,expert,Davletshin2012,,,
NPN-18_dog-1-1,NPN-18_dog-1,chichi,33,false,expert,Davletshin2012,,,
MNa-18_dog-1-1,MNa-18_dog-1,peːlo,31,false,expert,Davletshin2012,,,
PNa-18_dog-1-1,PNa-18_dog-1,pelo,31,false,expert,Davletshin2012,,,
JNa-18_dog-1-1,JNa-18_dog-1,chuchu,33,false,expert,Davletshin2012,,,
Pip-18_dog-1-1,Pip-18_dog-1,peːlu,33,false,expert,Davletshin2012,,,
Poch-18_dog-1-1,Poch-18_dog-1,tachóm,34,false,expert,Davletshin2012,,,
CNa-19_drink-1-1,CNa-19_drink-1,-on-iː,35,false,expert,Davletshin2012,,,
TNa-19_drink-1-1,TNa-19_drink-1,-on-i,35,false,expert,Davletshin2012,,,
NPN-19_drink-1-1,NPN-19_drink-1,-on-i,35,false,expert,Davletshin2012,,,
MNa-19_drink-1-1,MNa-19_drink-1,-on-i-á,35,false,expert,Davletshin2012,,,
PNa-19_drink-1-1,PNa-19_drink-1,-on-i,35,false,expert,Davletshin2012,,,
JNa-19_drink-1-1,JNa-19_drink-1,xi-k,35,false,expert,Davletshin2012,,,
Pip-19_drink-1-1,Pip-19_drink-1,-un-i,35,false,expert,Davletshin2012,,,
Poch-19_drink-1-1,Poch-19_drink-1,tem-í,35,false,expert,Davletshin2012,,,
CNa-20_dry-1-1,CNa-20_dry-1,waːk-ki,36,false,expert,Davletshin2012,,,
TNa-20_dry-1-1,TNa-20_dry-1,wah-kiː,36,false,expert,Davletshin2012,,,
NPN-20_dry-1-1,NPN-20_dry-1,wah-ki,36,false,expert,Davletshin2012,,,
MNa-20_dry-1-1,MNa-20_dry-1,waːk-toʔ,36,false,expert,Davletshin2012,,,
PNa-20_dry-1-1,PNa-20_dry-1,waːk-tok,36,false,expert,Davletshin2012,,,
JNa-20_dry-1-1,JNa-20_dry-1,wak-tuk,36,false,expert,Davletshin2012,,,
Pip-20_dry-1-1,Pip-20_dry-1,waːk-tuk,36,false,expert,Davletshin2012,,,
Poch-20_dry-1-1,Poch-20_dry-1,wak,36,false,expert,Davletshin2012,,,
CNa-21_ear-1-1,CNa-21_ear-1,nakas-tli,37,false,expert,Davletshin2012,,,
TNa-21_ear-1-1,TNa-21_ear-1,-nakas,37,false,expert,Davletshin2012,,,
NPN-21_ear-1-1,NPN-21_ear-1,-nakas,37,false,expert,Davletshin2012,,,
MNa-21_ear-1-1,MNa-21_ear-1,nakas,37,false,expert,Davletshin2012,,,
PNa-21_ear-1-1,PNa-21_ear-1,-nagas,37,false,expert,Davletshin2012,,,
JNa-21_ear-1-1,JNa-21_ear-1,-nakas,37,false,expert,Davletshin2012,,,
Pip-21_ear-1-1,Pip-21_ear-1,-nakas,37,false,expert,Davletshin2012,,,
Poch-21_ear-1-1,Poch-21_ear-1,nekés-t,37,false,expert,Davletshin2012,,,
CNa-22_earth-1-1,CNa-22_earth-1,tlaːl-li,38,false,expert,Davletshin2012,,,
TNa-22_earth-1-1,TNa-22_earth-1,tlöliː,38,false,expert,Davletshin2012,,,
NPN-22_earth-1-1,NPN-22_earth-1,tlali,38,false,expert,Davletshin2012,,,
MNa-22_earth-1-1,MNa-22_earth-1,taːhli,38,false,expert,Davletshin2012,,,
PNa-22_earth-1-1,PNa-22_earth-1,taːhli,38,false,expert,Davletshin2012,,,
JNa-22_earth-1-1,JNa-22_earth-1,tahli,38,false,expert,Davletshin2012,,,
Pip-22_earth-1-1,Pip-22_earth-1,taːl,38,false,expert,Davletshin2012,,,
Poch-22_earth-1-1,Poch-22_earth-1,tal,38,false,expert,Davletshin2012,,,
CNa-23_eat-1-1,CNa-23_eat-1,-kwaː,39,false,expert,Davletshin2012,,,
TNa-23_eat-1-1,TNa-23_eat-1,-kwa,39,false,expert,Davletshin2012,,,
NPN-23_eat-1-1,NPN-23_eat-1,-kwa,39,false,expert,Davletshin2012,,,
MNa-23_eat-1-1,MNa-23_eat-1,-kwa,39,false,expert,Davletshin2012,,,
PNa-23_eat-1-1,PNa-23_eat-1,-baː,39,false,expert,Davletshin2012,,,
JNa-23_eat-1-1,JNa-23_eat-1,-bwaː,39,false,expert,Davletshin2012,,,
Pip-23_eat-1-1,Pip-23_eat-1,kwa,39,false,expert,Davletshin2012,,,
Poch-23_eat-1-1,Poch-23_eat-1,kwa,39,false,expert,Davletshin2012,,,
CNa-24_egg-1-1,CNa-24_egg-1,toːtol-te-tl,40,false,expert,Davletshin2012,,,
TNa-24_egg-1-1,TNa-24_egg-1,tutol-tetl,40,false,expert,Davletshin2012,,,
NPN-24_egg-1-1,NPN-24_egg-1,totol-te-tl,40,false,expert,Davletshin2012,,,
MNa-24_egg-1-1,MNa-24_egg-1,teksis,41,false,expert,Davletshin2012,,,
PNa-24_egg-1-1,PNa-24_egg-1,teksis,41,false,expert,Davletshin2012,,,
JNa-24_egg-1-1,JNa-24_egg-1,pil-tzin,42,false,expert,Davletshin2012,,,
Pip-24_egg-1-1,Pip-24_egg-1,teksis-ti,41,false,expert,Davletshin2012,,,
Poch-24_egg-1-1,Poch-24_egg-1,ti-tó-t,43,false,expert,Davletshin2012,,,
CNa-25_eye-1-1,CNa-25_eye-1,-iːx-teloloʔ,44,false,expert,Davletshin2012,,,
TNa-25_eye-1-1,TNa-25_eye-1,-ix-telolo,44,false,expert,Davletshin2012,,,
NPN-25_eye-1-1,NPN-25_eye-1,-ix-telolo,44,false,expert,Davletshin2012,,,
MNa-25_eye-1-1,MNa-25_eye-1,-iːx,44,false,expert,Davletshin2012,,,
PNa-25_eye-1-1,PNa-25_eye-1,-iːx-tololo,44,false,expert,Davletshin2012,,,
JNa-25_eye-1-1,JNa-25_eye-1,-iːx,44,false,expert,Davletshin2012,,,
Pip-25_eye-1-1,Pip-25_eye-1,-iːx,44,false,expert,Davletshin2012,,,
Poch-25_eye-1-1,Poch-25_eye-1,ix-totolú-t,44,false,expert,Davletshin2012,,,
CNa-26_fatn-1-1,CNa-26_fatn-1,chiyaːwis-tli,43,false,expert,Davletshin2012,,,
TNa-26_fatn-1-1,TNa-26_fatn-1,manteka,43,false,expert,Davletshin2012,,,
NPN-26_fatn-1-1,NPN-26_fatn-1,chiak-tli,43,false,expert,Davletshin2012,,,
MNa-26_fatn-1-1,MNa-26_fatn-1,-tomahka,43,false,expert,Davletshin2012,,,
PNa-26_fatn-1-1,PNa-26_fatn-1,mantega,43,false,expert,Davletshin2012,,,
JNa-26_fatn-1-1,JNa-26_fatn-1,manteka,43,false,expert,Davletshin2012,,,
CNa-27_feather-1-1,CNa-27_feather-1,ihwi-tl,44,false,expert,Davletshin2012,,,
TNa-27_feather-1-1,TNa-27_feather-1,tohmitl,45,false,expert,Davletshin2012,,,
NPN-27_feather-1-1,NPN-27_feather-1,ihwi-tl,44,false,expert,Davletshin2012,,,
MNa-27_feather-1-1,MNa-27_feather-1,tzohmi-ʔ,46,false,expert,Davletshin2012,,,
PNa-27_feather-1-1,PNa-27_feather-1,tzohmi-t,46,false,expert,Davletshin2012,,,
JNa-27_feather-1-1,JNa-27_feather-1,iy-uhwi-yu,44,false,expert,Davletshin2012,,,
Pip-27_feather-1-1,Pip-27_feather-1,-uhmi-yu,47,false,expert,Davletshin2012,,,
CNa-28_fire-1-1,CNa-28_fire-1,tle-tl,48,false,expert,Davletshin2012,,,
TNa-28_fire-1-1,TNa-28_fire-1,tle-tzin-tliː,48,false,expert,Davletshin2012,,,
NPN-28_fire-1-1,NPN-28_fire-1,tle-tl,48,false,expert,Davletshin2012,,,
MNa-28_fire-1-1,MNa-28_fire-1,tiʔ-ti,48,false,expert,Davletshin2012,,,
PNa-28_fire-1-1,PNa-28_fire-1,ti-t,48,false,expert,Davletshin2012,,,
JNa-28_fire-1-1,JNa-28_fire-1,ti-t,48,false,expert,Davletshin2012,,,
Pip-28_fire-1-1,Pip-28_fire-1,tiː-t,48,false,expert,Davletshin2012,,,
Poch-28_fire-1-1,Poch-28_fire-1,te-t,48,false,expert,Davletshin2012,,,
CNa-29_fish-1-1,CNa-29_fish-1,mich-in,49,false,expert,Davletshin2012,,,
TNa-29_fish-1-1,TNa-29_fish-1,miːchiː,49,false,expert,Davletshin2012,,,
NPN-29_fish-1-1,NPN-29_fish-1,michi,49,false,expert,Davletshin2012,,,
MNa-29_fish-1-1,MNa-29_fish-1,toːpoh,50,false,expert,Davletshin2012,,,
PNa-29_fish-1-1,PNa-29_fish-1,toːpoh,50,false,expert,Davletshin2012,,,
JNa-29_fish-1-1,JNa-29_fish-1,xeːneh,51,false,expert,Davletshin2012,,,
Pip-29_fish-1-1,Pip-29_fish-1,michin,49,false,expert,Davletshin2012,,,
Poch-29_fish-1-1,Poch-29_fish-1,michóm,49,false,expert,Davletshin2012,,,
CNa-30_fly-1-1,CNa-30_fly-1,patlaːn,52,false,expert,Davletshin2012,,,
TNa-30_fly-1-1,TNa-30_fly-1,patlöni,52,false,expert,Davletshin2012,,,
NPN-30_fly-1-1,NPN-30_fly-1,patlani,52,false,expert,Davletshin2012,,,
MNa-30_fly-1-1,MNa-30_fly-1,pataːni,52,false,expert,Davletshin2012,,,
PNa-30_fly-1-1,PNa-30_fly-1,pataːni,52,false,expert,Davletshin2012,,,
JNa-30_fly-1-1,JNa-30_fly-1,parani,52,false,expert,Davletshin2012,,,
Pip-30_fly-1-1,Pip-30_fly-1,pataːni,52,false,expert,Davletshin2012,,,
Poch-30_fly-1-1,Poch-30_fly-1,patánk,52,false,expert,Davletshin2012,,,
CNa-31_foot-1-1,CNa-31_foot-1,kxi-tl,53,false,expert,Davletshin2012,,,
TNa-31_foot-1-1,TNa-31_foot-1,-ikxiː,53,false,expert,Davletshin2012,,,
NPN-31_foot-1-1,NPN-31_foot-1,-ikxi,53,false,expert,Davletshin2012,,,
MNa-31_foot-1-1,MNa-31_foot-1,ikxi,53,false,expert,Davletshin2012,,,
PNa-31_foot-1-1,PNa-31_foot-1,-ikxi,53,false,expert,Davletshin2012,,,
JNa-31_foot-1-1,JNa-31_foot-1,-ikxi,53,false,expert,Davletshin2012,,,
Pip-31_foot-1-1,Pip-31_foot-1,kxi,53,false,expert,Davletshin2012,,,
Poch-31_foot-1-1,Poch-31_foot-1,no,54,false,expert,Davletshin2012,,,
CNa-32_full-1-1,CNa-32_full-1,teːn-tok,55,false,expert,Davletshin2012,,,
TNa-32_full-1-1,TNa-32_full-1,tien-tiːka,55,false,expert,Davletshin2012,,,
NPN-32_full-1-1,NPN-32_full-1,ten-tok,55,false,expert,Davletshin2012,,,
MNa-32_full-1-1,MNa-32_full-1,teːn-toʔ,55,false,expert,Davletshin2012,,,
PNa-32_full-1-1,PNa-32_full-1,teːn-tok,55,false,expert,Davletshin2012,,,
JNa-32_full-1-1,JNa-32_full-1,neː-tik,56,false,expert,Davletshin2012,,,
Pip-32_full-1-1,Pip-32_full-1,teːn-tuk,55,false,expert,Davletshin2012,,,
CNa-33_givetr-1-1,CNa-33_givetr-1,-maka,57,false,expert,Davletshin2012,,,
TNa-33_givetr-1-1,TNa-33_givetr-1,-maka,57,false,expert,Davletshin2012,,,
NPN-33_givetr-1-1,NPN-33_givetr-1,-maka,57,false,expert,Davletshin2012,,,
MNa-33_givetr-1-1,MNa-33_givetr-1,-maka,57,false,expert,Davletshin2012,,,
PNa-33_givetr-1-1,PNa-33_givetr-1,-maga,57,false,expert,Davletshin2012,,,
JNa-33_givetr-1-1,JNa-33_givetr-1,-ma,57,false,expert,Davletshin2012,,,
Pip-33_givetr-1-1,Pip-33_givetr-1,-maka,57,false,expert,Davletshin2012,,,
Poch-33_givetr-1-1,Poch-33_givetr-1,-meká,57,false,expert,Davletshin2012,,,
CNa-34_good-1-1,CNa-34_good-1,kwal-li,58,false,expert,Davletshin2012,,,
TNa-34_good-1-1,TNa-34_good-1,kwaliː,58,false,expert,Davletshin2012,,,
NPN-34_good-1-1,NPN-34_good-1,kwali,58,false,expert,Davletshin2012,,,
MNa-34_good-1-1,MNa-34_good-1,yeːk-ti,59,false,expert,Davletshin2012,,,
PNa-34_good-1-1,PNa-34_good-1,yek-ti,59,false,expert,Davletshin2012,,,
JNa-34_good-1-1,JNa-34_good-1,yek-ti,59,false,expert,Davletshin2012,,,
Pip-34_good-1-1,Pip-34_good-1,yeːk,59,false,expert,Davletshin2012,,,
Poch-34_good-1-1,Poch-34_good-1,ulík,60,false,expert,Davletshin2012,,,
CNa-34_good-2-1,CNa-34_good-2,yek-tli,62,false,expert,Davletshin2012,,,
CNa-35_green-1-1,CNa-35_green-1,xoxok-tik,63,false,expert,Davletshin2012,,,
TNa-35_green-1-1,TNa-35_green-1,xoxok-tiːk,63,false,expert,Davletshin2012,,,
NPN-35_green-1-1,NPN-35_green-1,xoxok-tik,63,false,expert,Davletshin2012,,,
MNa-35_green-1-1,MNa-35_green-1,xoxok-tiʔ,63,false,expert,Davletshin2012,,,
PNa-35_green-1-1,PNa-35_green-1,xoxok-tik,63,false,expert,Davletshin2012,,,
JNa-35_green-1-1,JNa-35_green-1,xuxuí-k,64,false,expert,Davletshin2012,,,
Pip-35_green-1-1,Pip-35_green-1,xuxuwi-k,64,false,expert,Davletshin2012,,,
Poch-35_green-1-1,Poch-35_green-1,xwi,65,false,expert,Davletshin2012,,,
CNa-36_hair-1-1,CNa-36_hair-1,tzon-tli,66,false,expert,Davletshin2012,,,
TNa-36_hair-1-1,TNa-36_hair-1,tzon-tliː,66,false,expert,Davletshin2012,,,
NPN-36_hair-1-1,NPN-36_hair-1,tzon-tli,66,false,expert,Davletshin2012,,,
MNa-36_hair-1-1,MNa-36_hair-1,tzon-kal,67,false,expert,Davletshin2012,,,
PNa-36_hair-1-1,PNa-36_hair-1,tzon-gal,67,false,expert,Davletshin2012,,,
JNa-36_hair-1-1,JNa-36_hair-1,tzun-ti,66,false,expert,Davletshin2012,,,
Pip-36_hair-1-1,Pip-36_hair-1,tzun-kal,67,false,expert,Davletshin2012,,,
Poch-36_hair-1-1,Poch-36_hair-1,tzon,66,false,expert,Davletshin2012,,,
CNa-37_hand-1-1,CNa-37_hand-1,-maː,68,false,expert,Davletshin2012,,,
TNa-37_hand-1-1,TNa-37_hand-1,-mö,68,false,expert,Davletshin2012,,,
NPN-37_hand-1-1,NPN-37_hand-1,-ma-n,68,false,expert,Davletshin2012,,,
MNa-37_hand-1-1,MNa-37_hand-1,mayiʔ,68,false,expert,Davletshin2012,,,
PNa-37_hand-1-1,PNa-37_hand-1,-maː,68,false,expert,Davletshin2012,,,
JNa-37_hand-1-1,JNa-37_hand-1,-maː-n,68,false,expert,Davletshin2012,,,
Pip-37_hand-1-1,Pip-37_hand-1,-mey,68,false,expert,Davletshin2012,,,
Poch-37_hand-1-1,Poch-37_hand-1,maí,68,false,expert,Davletshin2012,,,
CNa-38_head-1-1,CNa-38_head-1,kwaː-tl,70,false,expert,Davletshin2012,,,
TNa-38_head-1-1,TNa-38_head-1,-tzon-teko,69,false,expert,Davletshin2012,,,
NPN-38_head-1-1,NPN-38_head-1,-tzon-teko,69,false,expert,Davletshin2012,,,
MNa-38_head-1-1,MNa-38_head-1,-tzon-tekon,69,false,expert,Davletshin2012,,,
PNa-38_head-1-1,PNa-38_head-1,-tzon-tegon,69,false,expert,Davletshin2012,,,
JNa-38_head-1-1,JNa-38_head-1,tzun-tekon,69,false,expert,Davletshin2012,,,
Pip-38_head-1-1,Pip-38_head-1,tzun-tekuma-t,69,false,expert,Davletshin2012,,,
Poch-38_head-1-1,Poch-38_head-1,kwaí-t,70,false,expert,Davletshin2012,,,
CNa-39_hear-1-1,CNa-39_hear-1,-kak,71,false,expert,Davletshin2012,,,
TNa-39_hear-1-1,TNa-39_hear-1,-kakiː,71,false,expert,Davletshin2012,,,
NPN-39_hear-1-1,NPN-39_hear-1,-kaki,71,false,expert,Davletshin2012,,,
MNa-39_hear-1-1,MNa-39_hear-1,-kaki,71,false,expert,Davletshin2012,,,
PNa-39_hear-1-1,PNa-39_hear-1,-gagi,71,false,expert,Davletshin2012,,,
JNa-39_hear-1-1,JNa-39_hear-1,-kai,71,false,expert,Davletshin2012,,,
Pip-39_hear-1-1,Pip-39_hear-1,-kaːki,71,false,expert,Davletshin2012,,,
Poch-39_hear-1-1,Poch-39_hear-1,-kekí,71,false,expert,Davletshin2012,,,
CNa-40_heart-1-1,CNa-40_heart-1,yoːl-li,72,false,expert,Davletshin2012,,,
TNa-40_heart-1-1,TNa-40_heart-1,yuloh-tliː,72,false,expert,Davletshin2012,,,
NPN-40_heart-1-1,NPN-40_heart-1,-yol-o,72,false,expert,Davletshin2012,,,
MNa-40_heart-1-1,MNa-40_heart-1,-yaːlmah,70,false,expert,Davletshin2012,,,
PNa-40_heart-1-1,PNa-40_heart-1,-alma,70,false,expert,Davletshin2012,,,
JNa-40_heart-1-1,JNa-40_heart-1,yuh-lu,72,false,expert,Davletshin2012,,,
Pip-40_heart-1-1,Pip-40_heart-1,-yul,72,false,expert,Davletshin2012,,,
Poch-40_heart-1-1,Poch-40_heart-1,n,72,false,expert,Davletshin2012,,,
CNa-41_horn-1-1,CNa-41_horn-1,kwaːkwaw-tl,73,false,expert,Davletshin2012,,,
NPN-41_horn-1-1,NPN-41_horn-1,-kwakow,73,false,expert,Davletshin2012,,,
MNa-41_horn-1-1,MNa-41_horn-1,kwaːkwa,73,false,expert,Davletshin2012,,,
PNa-41_horn-1-1,PNa-41_horn-1,-baːbaː,73,false,expert,Davletshin2012,,,
JNa-41_horn-1-1,JNa-41_horn-1,kokoit,73,false,expert,Davletshin2012,,,
Pip-41_horn-1-1,Pip-41_horn-1,-kachoh,71,false,expert,Davletshin2012,,,
CNa-42_i-1-1,CNa-42_i-1,neʔwaː-tl,74,false,expert,Davletshin2012,,,
TNa-42_i-1-1,TNa-42_i-1,naha,74,false,expert,Davletshin2012,,,
NPN-42_i-1-1,NPN-42_i-1,nehwa-tl,74,false,expert,Davletshin2012,,,
MNa-42_i-1-1,MNa-42_i-1,neh,74,false,expert,Davletshin2012,,,
PNa-42_i-1-1,PNa-42_i-1,neha,74,false,expert,Davletshin2012,,,
JNa-42_i-1-1,JNa-42_i-1,nehe,74,false,expert,Davletshin2012,,,
Pip-42_i-1-1,Pip-42_i-1,na ~ nah ~ naha,74,false,expert,Davletshin2012,,,
Poch-42_i-1-1,Poch-42_i-1,nen,74,false,expert,Davletshin2012,,,
CNa-43_kill-1-1,CNa-43_kill-1,-mikiː-tiaː,75,false,expert,Davletshin2012,,,
TNa-43_kill-1-1,TNa-43_kill-1,-miːk-tiːa,75,false,expert,Davletshin2012,,,
NPN-43_kill-1-1,NPN-43_kill-1,-mik-tia,75,false,expert,Davletshin2012,,,
MNa-43_kill-1-1,MNa-43_kill-1,-mik-tia,75,false,expert,Davletshin2012,,,
PNa-43_kill-1-1,PNa-43_kill-1,-mik-tia,75,false,expert,Davletshin2012,,,
JNa-43_kill-1-1,JNa-43_kill-1,-mik-ti,75,false,expert,Davletshin2012,,,
Pip-43_kill-1-1,Pip-43_kill-1,-mik-tia,75,false,expert,Davletshin2012,,,
Poch-43_kill-1-1,Poch-43_kill-1,moktí,75,false,expert,Davletshin2012,,,
CNa-44_knee-1-1,CNa-44_knee-1,tlan-kwai-,76,false,expert,Davletshin2012,,,
TNa-44_knee-1-1,TNa-44_knee-1,-tlan-kwate,76,false,expert,Davletshin2012,,,
NPN-44_knee-1-1,NPN-44_knee-1,-tlan-kwa,76,false,expert,Davletshin2012,,,
MNa-44_knee-1-1,MNa-44_knee-1,tan-kwaː-ʔ,76,false,expert,Davletshin2012,,,
PNa-44_knee-1-1,PNa-44_knee-1,-tam-ba,76,false,expert,Davletshin2012,,,
JNa-44_knee-1-1,JNa-44_knee-1,-tam-bwa-n,76,false,expert,Davletshin2012,,,
Pip-44_knee-1-1,Pip-44_knee-1,-tewahka,77,false,expert,Davletshin2012,,,
CNa-45_know-1-1,CNa-45_know-1,mat,78,false,expert,Davletshin2012,,,
TNa-45_know-1-1,TNa-45_know-1,-matiː,78,false,expert,Davletshin2012,,,
NPN-45_know-1-1,NPN-45_know-1,-mati,78,false,expert,Davletshin2012,,,
MNa-45_know-1-1,MNa-45_know-1,-mati,78,false,expert,Davletshin2012,,,
PNa-45_know-1-1,PNa-45_know-1,-mati,78,false,expert,Davletshin2012,,,
JNa-45_know-1-1,JNa-45_know-1,-ma,78,false,expert,Davletshin2012,,,
Pip-45_know-1-1,Pip-45_know-1,-mati,78,false,expert,Davletshin2012,,,
Poch-45_know-1-1,Poch-45_know-1,metí,78,false,expert,Davletshin2012,,,
CNa-46_leaf-1-1,CNa-46_leaf-1,iswa-tl,79,false,expert,Davletshin2012,,,
TNa-46_leaf-1-1,TNa-46_leaf-1,xiːbiːtl,80,false,expert,Davletshin2012,,,
NPN-46_leaf-1-1,NPN-46_leaf-1,xiwi-tl,80,false,expert,Davletshin2012,,,
MNa-46_leaf-1-1,MNa-46_leaf-1,iswaʔ,79,false,expert,Davletshin2012,,,
PNa-46_leaf-1-1,PNa-46_leaf-1,-iswa-t,79,false,expert,Davletshin2012,,,
JNa-46_leaf-1-1,JNa-46_leaf-1,iswa-t,79,false,expert,Davletshin2012,,,
Pip-46_leaf-1-1,Pip-46_leaf-1,iswa-t,79,false,expert,Davletshin2012,,,
Poch-46_leaf-1-1,Poch-46_leaf-1,xut,80,false,expert,Davletshin2012,,,
CNa-47_lie-1-1,CNa-47_lie-1,mo-teːka,81,false,expert,Davletshin2012,,,
TNa-47_lie-1-1,TNa-47_lie-1,mo-tieka,81,false,expert,Davletshin2012,,,
NPN-47_lie-1-1,NPN-47_lie-1,mo-teka,81,false,expert,Davletshin2012,,,
MNa-47_lie-1-1,MNa-47_lie-1,mo-teːca,81,false,expert,Davletshin2012,,,
PNa-47_lie-1-1,PNa-47_lie-1,mo-tega,81,false,expert,Davletshin2012,,,
JNa-47_lie-1-1,JNa-47_lie-1,mu-reka-k,81,false,expert,Davletshin2012,,,
Pip-47_lie-1-1,Pip-47_lie-1,mu-teːka,81,false,expert,Davletshin2012,,,
Poch-47_lie-1-1,Poch-47_lie-1,teké,81,false,expert,Davletshin2012,,,
CNa-48_liver-1-1,CNa-48_liver-1,eːl-li,80,false,expert,Davletshin2012,,,
NPN-48_liver-1-1,NPN-48_liver-1,-yel-tlapach,80,false,expert,Davletshin2012,,,
MNa-48_liver-1-1,MNa-48_liver-1,-yoːl,80,false,expert,Davletshin2012,,,
Pip-48_liver-1-1,Pip-48_liver-1,-el-tapach,80,false,expert,Davletshin2012,,,
CNa-49_long-1-1,CNa-49_long-1,weːiyak,81,false,expert,Davletshin2012,,,
TNa-49_long-1-1,TNa-49_long-1,beyak,81,false,expert,Davletshin2012,,,
NPN-49_long-1-1,NPN-49_long-1,weyak,81,false,expert,Davletshin2012,,,
MNa-49_long-1-1,MNa-49_long-1,weːyaktiʔ,81,false,expert,Davletshin2012,,,
PNa-49_long-1-1,PNa-49_long-1,weːyak,81,false,expert,Davletshin2012,,,
JNa-49_long-1-1,JNa-49_long-1,weyak,81,false,expert,Davletshin2012,,,
Pip-49_long-1-1,Pip-49_long-1,weyak,81,false,expert,Davletshin2012,,,
CNa-50_louse-1-1,CNa-50_louse-1,atemi-tl,82,false,expert,Davletshin2012,,,
TNa-50_louse-1-1,TNa-50_louse-1,atiːmiː-tl,82,false,expert,Davletshin2012,,,
NPN-50_louse-1-1,NPN-50_louse-1,pioho,80,false,expert,Davletshin2012,,,
MNa-50_louse-1-1,MNa-50_louse-1,atimiʔ,82,false,expert,Davletshin2012,,,
PNa-50_louse-1-1,PNa-50_louse-1,aːtin,82,false,expert,Davletshin2012,,,
JNa-50_louse-1-1,JNa-50_louse-1,aːtin,82,false,expert,Davletshin2012,,,
Pip-50_louse-1-1,Pip-50_louse-1,atime-t,82,false,expert,Davletshin2012,,,
Poch-50_louse-1-1,Poch-50_louse-1,atóm-t,82,false,expert,Davletshin2012,,,
CNa-51_man-1-1,CNa-51_man-1,taːka-tl,83,false,expert,Davletshin2012,,,
TNa-51_man-1-1,TNa-51_man-1,umbre,83,false,expert,Davletshin2012,,,
NPN-51_man-1-1,NPN-51_man-1,tlakatl,83,false,expert,Davletshin2012,,,
MNa-51_man-1-1,MNa-51_man-1,taːga-ʔ,83,false,expert,Davletshin2012,,,
PNa-51_man-1-1,PNa-51_man-1,taːga-t,83,false,expert,Davletshin2012,,,
JNa-51_man-1-1,JNa-51_man-1,taːka-t,83,false,expert,Davletshin2012,,,
Pip-51_man-1-1,Pip-51_man-1,taːka-t,83,false,expert,Davletshin2012,,,
Poch-51_man-1-1,Poch-51_man-1,okóx-t,83,false,expert,Davletshin2012,,,
CNa-52_many-1-1,CNa-52_many-1,miakiːn ~ miakiːntiːn ~ miaktiːn ~ miːmiak,84,false,expert,Davletshin2012,,,
TNa-52_many-1-1,TNa-52_many-1,meyak,84,false,expert,Davletshin2012,,,
NPN-52_many-1-1,NPN-52_many-1,miak,84,false,expert,Davletshin2012,,,
MNa-52_many-1-1,MNa-52_many-1,miaʔ,84,false,expert,Davletshin2012,,,
PNa-52_many-1-1,PNa-52_many-1,miak,84,false,expert,Davletshin2012,,,
JNa-52_many-1-1,JNa-52_many-1,miakpa,84,false,expert,Davletshin2012,,,
Pip-52_many-1-1,Pip-52_many-1,miyak,84,false,expert,Davletshin2012,,,
Poch-52_many-1-1,Poch-52_many-1,asók,85,false,expert,Davletshin2012,,,
CNa-53_meat-1-1,CNa-53_meat-1,naka-tl,86,false,expert,Davletshin2012,,,
TNa-53_meat-1-1,TNa-53_meat-1,naka-tl,86,false,expert,Davletshin2012,,,
NPN-53_meat-1-1,NPN-53_meat-1,naka-tl,86,false,expert,Davletshin2012,,,
MNa-53_meat-1-1,MNa-53_meat-1,naka-ʔ,86,false,expert,Davletshin2012,,,
PNa-53_meat-1-1,PNa-53_meat-1,naga-t,86,false,expert,Davletshin2012,,,
JNa-53_meat-1-1,JNa-53_meat-1,naka-t,86,false,expert,Davletshin2012,,,
Pip-53_meat-1-1,Pip-53_meat-1,naka-t,86,false,expert,Davletshin2012,,,
Poch-53_meat-1-1,Poch-53_meat-1,neké-t,86,false,expert,Davletshin2012,,,
CNa-54_moon-1-1,CNa-54_moon-1,meːtz-tli,87,false,expert,Davletshin2012,,,
TNa-54_moon-1-1,TNa-54_moon-1,mietz-tliː,87,false,expert,Davletshin2012,,,
NPN-54_moon-1-1,NPN-54_moon-1,metz-tli,87,false,expert,Davletshin2012,,,
MNa-54_moon-1-1,MNa-54_moon-1,meːtz-ti,87,false,expert,Davletshin2012,,,
PNa-54_moon-1-1,PNa-54_moon-1,meːs-ti,87,false,expert,Davletshin2012,,,
JNa-54_moon-1-1,JNa-54_moon-1,meːtz-ti,87,false,expert,Davletshin2012,,,
Pip-54_moon-1-1,Pip-54_moon-1,meːtz-ti,87,false,expert,Davletshin2012,,,
Poch-54_moon-1-1,Poch-54_moon-1,mes-t,87,false,expert,Davletshin2012,,,
CNa-55_mountain-1-1,CNa-55_mountain-1,tepeː-tl,88,false,expert,Davletshin2012,,,
TNa-55_mountain-1-1,TNa-55_mountain-1,tepie-tl,88,false,expert,Davletshin2012,,,
NPN-55_mountain-1-1,NPN-55_mountain-1,tepe-tl,88,false,expert,Davletshin2012,,,
MNa-55_mountain-1-1,MNa-55_mountain-1,tepeː-ʔ,88,false,expert,Davletshin2012,,,
PNa-55_mountain-1-1,PNa-55_mountain-1,tepeː-t,88,false,expert,Davletshin2012,,,
Pip-55_mountain-1-1,Pip-55_mountain-1,tepeː-t,88,false,expert,Davletshin2012,,,
CNa-56_mouth-1-1,CNa-56_mouth-1,kam-tl,89,false,expert,Davletshin2012,,,
TNa-56_mouth-1-1,TNa-56_mouth-1,-kama-k,89,false,expert,Davletshin2012,,,
NPN-56_mouth-1-1,NPN-56_mouth-1,-kama-k,89,false,expert,Davletshin2012,,,
MNa-56_mouth-1-1,MNa-56_mouth-1,-teːn,90,false,expert,Davletshin2012,,,
PNa-56_mouth-1-1,PNa-56_mouth-1,-teːn,90,false,expert,Davletshin2012,,,
JNa-56_mouth-1-1,JNa-56_mouth-1,-teːn,90,false,expert,Davletshin2012,,,
Pip-56_mouth-1-1,Pip-56_mouth-1,-teːn,90,false,expert,Davletshin2012,,,
Poch-56_mouth-1-1,Poch-56_mouth-1,ten,90,false,expert,Davletshin2012,,,
CNa-57_name-1-1,CNa-57_name-1,toːkaː-tl,91,false,expert,Davletshin2012,,,
TNa-57_name-1-1,TNa-57_name-1,-tukö,91,false,expert,Davletshin2012,,,
NPN-57_name-1-1,NPN-57_name-1,tokah-tli,91,false,expert,Davletshin2012,,,
MNa-57_name-1-1,MNa-57_name-1,toːkaː-ʔ,91,false,expert,Davletshin2012,,,
PNa-57_name-1-1,PNa-57_name-1,-toga,91,false,expert,Davletshin2012,,,
JNa-57_name-1-1,JNa-57_name-1,tuwa-n,91,false,expert,Davletshin2012,,,
Pip-57_name-1-1,Pip-57_name-1,-tuːkey,91,false,expert,Davletshin2012,,,
Poch-57_name-1-1,Poch-57_name-1,kul,92,false,expert,Davletshin2012,,,
CNa-58_neck-1-1,CNa-58_neck-1,kech-tli,93,false,expert,Davletshin2012,,,
TNa-58_neck-1-1,TNa-58_neck-1,-kech-kochtla,93,false,expert,Davletshin2012,,,
NPN-58_neck-1-1,NPN-58_neck-1,-kech,93,false,expert,Davletshin2012,,,
MNa-58_neck-1-1,MNa-58_neck-1,-kech,93,false,expert,Davletshin2012,,,
PNa-58_neck-1-1,PNa-58_neck-1,-geːch,93,false,expert,Davletshin2012,,,
JNa-58_neck-1-1,JNa-58_neck-1,-kech,93,false,expert,Davletshin2012,,,
Pip-58_neck-1-1,Pip-58_neck-1,-kech-kuːyu,93,false,expert,Davletshin2012,,,
Poch-58_neck-1-1,Poch-58_neck-1,kox-t,93,false,expert,Davletshin2012,,,
CNa-59_new-1-1,CNa-59_new-1,yankwi-k,94,false,expert,Davletshin2012,,,
TNa-59_new-1-1,TNa-59_new-1,yankwiː-k,94,false,expert,Davletshin2012,,,
NPN-59_new-1-1,NPN-59_new-1,yankwi-k,94,false,expert,Davletshin2012,,,
MNa-59_new-1-1,MNa-59_new-1,yamkwi-ʔ,94,false,expert,Davletshin2012,,,
PNa-59_new-1-1,PNa-59_new-1,yambi-k,94,false,expert,Davletshin2012,,,
JNa-59_new-1-1,JNa-59_new-1,yambwi-k,94,false,expert,Davletshin2012,,,
Pip-59_new-1-1,Pip-59_new-1,yankwi-k,94,false,expert,Davletshin2012,,,
CNa-60_night-1-1,CNa-60_night-1,yowal-li,95,false,expert,Davletshin2012,,,
TNa-60_night-1-1,TNa-60_night-1,yowaliː,95,false,expert,Davletshin2012,,,
NPN-60_night-1-1,NPN-60_night-1,yowali,95,false,expert,Davletshin2012,,,
MNa-60_night-1-1,MNa-60_night-1,yowal,95,false,expert,Davletshin2012,,,
PNa-60_night-1-1,PNa-60_night-1,ta-yoá,96,false,expert,Davletshin2012,,,
JNa-60_night-1-1,JNa-60_night-1,ta-yuwa-k,96,false,expert,Davletshin2012,,,
Pip-60_night-1-1,Pip-60_night-1,ta-yuwa,96,false,expert,Davletshin2012,,,
Poch-60_night-1-1,Poch-60_night-1,owél,95,false,expert,Davletshin2012,,,
CNa-61_nose-1-1,CNa-61_nose-1,yak-tl,97,false,expert,Davletshin2012,,,
TNa-61_nose-1-1,TNa-61_nose-1,-yeka-tzol,97,false,expert,Davletshin2012,,,
NPN-61_nose-1-1,NPN-61_nose-1,-yeka-k,97,false,expert,Davletshin2012,,,
MNa-61_nose-1-1,MNa-61_nose-1,yak-ti,97,false,expert,Davletshin2012,,,
PNa-61_nose-1-1,PNa-61_nose-1,yaga-t,97,false,expert,Davletshin2012,,,
JNa-61_nose-1-1,JNa-61_nose-1,-yak,97,false,expert,Davletshin2012,,,
Pip-61_nose-1-1,Pip-61_nose-1,-yak,97,false,expert,Davletshin2012,,,
Poch-61_nose-1-1,Poch-61_nose-1,yeké-t,97,false,expert,Davletshin2012,,,
CNa-62_not-1-1,CNa-62_not-1,aʔmoː,98,false,expert,Davletshin2012,,,
TNa-62_not-1-1,TNa-62_not-1,amo,98,false,expert,Davletshin2012,,,
NPN-62_not-1-1,NPN-62_not-1,ahmo,98,false,expert,Davletshin2012,,,
MNa-62_not-1-1,MNa-62_not-1,ayaːʔ,98,false,expert,Davletshin2012,,,
PNa-62_not-1-1,PNa-62_not-1,amó,99,false,expert,Davletshin2012,,,
JNa-62_not-1-1,JNa-62_not-1,te,99,false,expert,Davletshin2012,,,
Pip-62_not-1-1,Pip-62_not-1,teː tesu,99,false,expert,Davletshin2012,,,
Poch-62_not-1-1,Poch-62_not-1,as,100,false,expert,Davletshin2012,,,
CNa-63_one-1-1,CNa-63_one-1,seː,101,false,expert,Davletshin2012,,,
TNa-63_one-1-1,TNa-63_one-1,sie,101,false,expert,Davletshin2012,,,
NPN-63_one-1-1,NPN-63_one-1,seya,101,false,expert,Davletshin2012,,,
MNa-63_one-1-1,MNa-63_one-1,seː,101,false,expert,Davletshin2012,,,
PNa-63_one-1-1,PNa-63_one-1,se,101,false,expert,Davletshin2012,,,
JNa-63_one-1-1,JNa-63_one-1,se,101,false,expert,Davletshin2012,,,
Pip-63_one-1-1,Pip-63_one-1,seː,101,false,expert,Davletshin2012,,,
Poch-63_one-1-1,Poch-63_one-1,se,101,false,expert,Davletshin2012,,,
CNa-64_person-1-1,CNa-64_person-1,tlaːka-tl,100,false,expert,Davletshin2012,,,
TNa-64_person-1-1,TNa-64_person-1,hiente,100,false,expert,Davletshin2012,,,
MNa-64_person-1-1,MNa-64_person-1,hente,100,false,expert,Davletshin2012,,,
PNa-64_person-1-1,PNa-64_person-1,kristianoh,100,false,expert,Davletshin2012,,,
JNa-64_person-1-1,JNa-64_person-1,yohomeh,100,false,expert,Davletshin2012,,,
Pip-64_person-1-1,Pip-64_person-1,kristanuh,100,false,expert,Davletshin2012,,,
CNa-65_rain-1-1,CNa-65_rain-1,kiyaw-tl,101,false,expert,Davletshin2012,,,
TNa-65_rain-1-1,TNa-65_rain-1,kiːyabiː-tl,101,false,expert,Davletshin2012,,,
NPN-65_rain-1-1,NPN-65_rain-1,kiyawi-tl,101,false,expert,Davletshin2012,,,
MNa-65_rain-1-1,MNa-65_rain-1,kiahuaː-ʔ ~ tiahuaː-ʔ,101,false,expert,Davletshin2012,,,
PNa-65_rain-1-1,PNa-65_rain-1,aː-tzona-t,102,false,expert,Davletshin2012,,,
JNa-65_rain-1-1,JNa-65_rain-1,chimaː-t,103,false,expert,Davletshin2012,,,
Pip-65_rain-1-1,Pip-65_rain-1,aː-t,104,false,expert,Davletshin2012,,,
Poch-65_rain-1-1,Poch-65_rain-1,yek-t,105,false,expert,Davletshin2012,,,
CNa-66_red-1-1,CNa-66_red-1,chiː-chiːl-tik,106,false,expert,Davletshin2012,,,
TNa-66_red-1-1,TNa-66_red-1,chi-chi-ltiːk,106,false,expert,Davletshin2012,,,
NPN-66_red-1-1,NPN-66_red-1,chi-chil-tik,106,false,expert,Davletshin2012,,,
MNa-66_red-1-1,MNa-66_red-1,chiːl-tiʔ,106,false,expert,Davletshin2012,,,
PNa-66_red-1-1,PNa-66_red-1,ta-tawi-k,107,false,expert,Davletshin2012,,,
JNa-66_red-1-1,JNa-66_red-1,traik,107,false,expert,Davletshin2012,,,
Pip-66_red-1-1,Pip-66_red-1,chiːl-tik,106,false,expert,Davletshin2012,,,
CNa-67_road-1-1,CNa-67_road-1,oʔ-tli,108,false,expert,Davletshin2012,,,
TNa-67_road-1-1,TNa-67_road-1,oh-tliː,108,false,expert,Davletshin2012,,,
NPN-67_road-1-1,NPN-67_road-1,oh-tli,108,false,expert,Davletshin2012,,,
MNa-67_road-1-1,MNa-67_road-1,oh-ti,108,false,expert,Davletshin2012,,,
PNa-67_road-1-1,PNa-67_road-1,oh-ti,108,false,expert,Davletshin2012,,,
JNa-67_road-1-1,JNa-67_road-1,uh-ti,108,false,expert,Davletshin2012,,,
Pip-67_road-1-1,Pip-67_road-1,uh-ti,108,false,expert,Davletshin2012,,,
Poch-67_road-1-1,Poch-67_road-1,ot’kán,108,false,expert,Davletshin2012,,,
CNa-68_root-1-1,CNa-68_root-1,nelwa-tl,109,false,expert,Davletshin2012,,,
TNa-68_root-1-1,TNa-68_root-1,nelwa-yu-tl,109,false,expert,Davletshin2012,,,
NPN-68_root-1-1,NPN-68_root-1,nelwa-tl,109,false,expert,Davletshin2012,,,
MNa-68_root-1-1,MNa-68_root-1,nelwa-ʔ,109,false,expert,Davletshin2012,,,
PNa-68_root-1-1,PNa-68_root-1,ba-takson,110,false,expert,Davletshin2012,,,
JNa-68_root-1-1,JNa-68_root-1,talwa-t,111,false,expert,Davletshin2012,,,
Pip-68_root-1-1,Pip-68_root-1,nelwa-t,109,false,expert,Davletshin2012,,,
CNa-69_round-1-1,CNa-69_round-1,yawal-tik,112,false,expert,Davletshin2012,,,
TNa-69_round-1-1,TNa-69_round-1,yewal-tiːk,112,false,expert,Davletshin2012,,,
NPN-69_round-1-1,NPN-69_round-1,yewal-tik,112,false,expert,Davletshin2012,,,
MNa-69_round-1-1,MNa-69_round-1,yawal-tiʔ,112,false,expert,Davletshin2012,,,
PNa-69_round-1-1,PNa-69_round-1,monso,113,false,expert,Davletshin2012,,,
JNa-69_round-1-1,JNa-69_round-1,tulutz-tik,114,false,expert,Davletshin2012,,,
Pip-69_round-1-1,Pip-69_round-1,yawal-nah,112,false,expert,Davletshin2012,,,
CNa-70_sand-1-1,CNa-70_sand-1,xaːl-li,115,false,expert,Davletshin2012,,,
TNa-70_sand-1-1,TNa-70_sand-1,xöliː,115,false,expert,Davletshin2012,,,
NPN-70_sand-1-1,NPN-70_sand-1,xali,115,false,expert,Davletshin2012,,,
MNa-70_sand-1-1,MNa-70_sand-1,xaːhli,115,false,expert,Davletshin2012,,,
PNa-70_sand-1-1,PNa-70_sand-1,xaːhli,115,false,expert,Davletshin2012,,,
JNa-70_sand-1-1,JNa-70_sand-1,xaːhli,115,false,expert,Davletshin2012,,,
Pip-70_sand-1-1,Pip-70_sand-1,aː-xaːl,115,false,expert,Davletshin2012,,,
CNa-71_say-1-1,CNa-71_say-1,ʔtoaː,116,false,expert,Davletshin2012,,,
TNa-71_say-1-1,TNa-71_say-1,-htoa,116,false,expert,Davletshin2012,,,
NPN-71_say-1-1,NPN-71_say-1,-ihtoa,116,false,expert,Davletshin2012,,,
MNa-71_say-1-1,MNa-71_say-1,k-ihtoa,116,false,expert,Davletshin2012,,,
PNa-71_say-1-1,PNa-71_say-1,-ihtoa,116,false,expert,Davletshin2012,,,
JNa-71_say-1-1,JNa-71_say-1,-ihli,117,false,expert,Davletshin2012,,,
Pip-71_say-1-1,Pip-71_say-1,ilwia,117,false,expert,Davletshin2012,,,
Poch-71_say-1-1,Poch-71_say-1,ití,118,false,expert,Davletshin2012,,,
CNa-72_see-1-1,CNa-72_see-1,tta,119,false,expert,Davletshin2012,,,
TNa-72_see-1-1,TNa-72_see-1,-hta,119,false,expert,Davletshin2012,,,
NPN-72_see-1-1,NPN-72_see-1,-ita,119,false,expert,Davletshin2012,,,
MNa-72_see-1-1,MNa-72_see-1,-ita,119,false,expert,Davletshin2012,,,
PNa-72_see-1-1,PNa-72_see-1,-ita,119,false,expert,Davletshin2012,,,
JNa-72_see-1-1,JNa-72_see-1,-ira,119,false,expert,Davletshin2012,,,
Pip-72_see-1-1,Pip-72_see-1,ita,119,false,expert,Davletshin2012,,,
Poch-72_see-1-1,Poch-72_see-1,itá,119,false,expert,Davletshin2012,,,
CNa-73_seed-1-1,CNa-73_seed-1,ach-tli,120,false,expert,Davletshin2012,,,
TNa-73_seed-1-1,TNa-73_seed-1,xiːn-öch-tliː,120,false,expert,Davletshin2012,,,
NPN-73_seed-1-1,NPN-73_seed-1,achtli,120,false,expert,Davletshin2012,,,
MNa-73_seed-1-1,MNa-73_seed-1,-yoːl,121,false,expert,Davletshin2012,,,
PNa-73_seed-1-1,PNa-73_seed-1,-yoːl,121,false,expert,Davletshin2012,,,
JNa-73_seed-1-1,JNa-73_seed-1,yuhlu,121,false,expert,Davletshin2012,,,
Pip-73_seed-1-1,Pip-73_seed-1,iːx,122,false,expert,Davletshin2012,,,
Poch-73_seed-1-1,Poch-73_seed-1,ax-t,120,false,expert,Davletshin2012,,,
CNa-74_sit-1-1,CNa-74_sit-1,mo-tlaːliaː,123,false,expert,Davletshin2012,,,
TNa-74_sit-1-1,TNa-74_sit-1,mo-tlöliːa,123,false,expert,Davletshin2012,,,
NPN-74_sit-1-1,NPN-74_sit-1,mo-tlalia,123,false,expert,Davletshin2012,,,
MNa-74_sit-1-1,MNa-74_sit-1,mo-taːliá,123,false,expert,Davletshin2012,,,
PNa-74_sit-1-1,PNa-74_sit-1,mo-taːli,123,false,expert,Davletshin2012,,,
JNa-74_sit-1-1,JNa-74_sit-1,mu-ralih-tuk,123,false,expert,Davletshin2012,,,
Pip-74_sit-1-1,Pip-74_sit-1,mu-taːlia,123,false,expert,Davletshin2012,,,
Poch-74_sit-1-1,Poch-74_sit-1,metzá,124,false,expert,Davletshin2012,,,
CNa-75_skin-1-1,CNa-75_skin-1,eːwa-tl,125,false,expert,Davletshin2012,,,
TNa-75_skin-1-1,TNa-75_skin-1,-yewayo,125,false,expert,Davletshin2012,,,
NPN-75_skin-1-1,NPN-75_skin-1,-yewayo,125,false,expert,Davletshin2012,,,
MNa-75_skin-1-1,MNa-75_skin-1,kahloː-ʔ,126,false,expert,Davletshin2012,,,
PNa-75_skin-1-1,PNa-75_skin-1,-betax,127,false,expert,Davletshin2012,,,
JNa-75_skin-1-1,JNa-75_skin-1,bwéraxti,127,false,expert,Davletshin2012,,,
Pip-75_skin-1-1,Pip-75_skin-1,-eːwayu,125,false,expert,Davletshin2012,,,
Poch-75_skin-1-1,Poch-75_skin-1,kwetéx-t,127,false,expert,Davletshin2012,,,
CNa-76_sleep-1-1,CNa-76_sleep-1,koch,128,false,expert,Davletshin2012,,,
TNa-76_sleep-1-1,TNa-76_sleep-1,kochiː,128,false,expert,Davletshin2012,,,
NPN-76_sleep-1-1,NPN-76_sleep-1,kochi,128,false,expert,Davletshin2012,,,
MNa-76_sleep-1-1,MNa-76_sleep-1,kochi,128,false,expert,Davletshin2012,,,
PNa-76_sleep-1-1,PNa-76_sleep-1,-gochi,128,false,expert,Davletshin2012,,,
JNa-76_sleep-1-1,JNa-76_sleep-1,-kuchi,128,false,expert,Davletshin2012,,,
Pip-76_sleep-1-1,Pip-76_sleep-1,kuchi,128,false,expert,Davletshin2012,,,
Poch-76_sleep-1-1,Poch-76_sleep-1,kochí,128,false,expert,Davletshin2012,,,
CNa-77_small-1-1,CNa-77_small-1,tepi-toːn,129,false,expert,Davletshin2012,,,
TNa-77_small-1-1,TNa-77_small-1,tzitziːkiː-tzi,130,false,expert,Davletshin2012,,,
NPN-77_small-1-1,NPN-77_small-1,kitzinin,131,false,expert,Davletshin2012,,,
MNa-77_small-1-1,MNa-77_small-1,aliːm-pa,132,false,expert,Davletshin2012,,,
PNa-77_small-1-1,PNa-77_small-1,chihchinti-tzin,133,false,expert,Davletshin2012,,,
JNa-77_small-1-1,JNa-77_small-1,tziri-tuk,134,false,expert,Davletshin2012,,,
Pip-77_small-1-1,Pip-77_small-1,achih-chin,135,false,expert,Davletshin2012,,,
Poch-77_small-1-1,Poch-77_small-1,nixtún,136,false,expert,Davletshin2012,,,
CNa-78_smoke-1-1,CNa-78_smoke-1,poːk-tli,137,false,expert,Davletshin2012,,,
TNa-78_smoke-1-1,TNa-78_smoke-1,puk-tliː,137,false,expert,Davletshin2012,,,
NPN-78_smoke-1-1,NPN-78_smoke-1,pok-tli,137,false,expert,Davletshin2012,,,
MNa-78_smoke-1-1,MNa-78_smoke-1,poːk-ti,137,false,expert,Davletshin2012,,,
PNa-78_smoke-1-1,PNa-78_smoke-1,poːk-ti,137,false,expert,Davletshin2012,,,
JNa-78_smoke-1-1,JNa-78_smoke-1,puːk-ti,137,false,expert,Davletshin2012,,,
Pip-78_smoke-1-1,Pip-78_smoke-1,puk-ti,137,false,expert,Davletshin2012,,,
Poch-78_smoke-1-1,Poch-78_smoke-1,a-potók-t,138,false,expert,Davletshin2012,,,
CNa-79_stand-1-1,CNa-79_stand-1,mo-ketza,139,false,expert,Davletshin2012,,,
TNa-79_stand-1-1,TNa-79_stand-1,mo-ketza,139,false,expert,Davletshin2012,,,
NPN-79_stand-1-1,NPN-79_stand-1,mo-tel-ketza,139,false,expert,Davletshin2012,,,
MNa-79_stand-1-1,MNa-79_stand-1,mo-ketza,139,false,expert,Davletshin2012,,,
PNa-79_stand-1-1,PNa-79_stand-1,mo-getza,139,false,expert,Davletshin2012,,,
JNa-79_stand-1-1,JNa-79_stand-1,ihkatuk,137,false,expert,Davletshin2012,,,
Pip-79_stand-1-1,Pip-79_stand-1,mu-ketza,139,false,expert,Davletshin2012,,,
Poch-79_stand-1-1,Poch-79_stand-1,x-mo-ktzé,139,false,expert,Davletshin2012,,,
CNa-80_star-1-1,CNa-80_star-1,siːtlal-in,140,false,expert,Davletshin2012,,,
TNa-80_star-1-1,TNa-80_star-1,sitlaliː,140,false,expert,Davletshin2012,,,
NPN-80_star-1-1,NPN-80_star-1,sitlali,140,false,expert,Davletshin2012,,,
MNa-80_star-1-1,MNa-80_star-1,siːtalin,140,false,expert,Davletshin2012,,,
PNa-80_star-1-1,PNa-80_star-1,lusero,138,false,expert,Davletshin2012,,,
JNa-80_star-1-1,JNa-80_star-1,siːtal,140,false,expert,Davletshin2012,,,
Pip-80_star-1-1,Pip-80_star-1,siːtal,140,false,expert,Davletshin2012,,,
CNa-81_stone-1-1,CNa-81_stone-1,te-tl,141,false,expert,Davletshin2012,,,
TNa-81_stone-1-1,TNa-81_stone-1,tie-te-tu,141,false,expert,Davletshin2012,,,
NPN-81_stone-1-1,NPN-81_stone-1,te-tl,141,false,expert,Davletshin2012,,,
MNa-81_stone-1-1,MNa-81_stone-1,teʔ-ti,141,false,expert,Davletshin2012,,,
PNa-81_stone-1-1,PNa-81_stone-1,te-t,141,false,expert,Davletshin2012,,,
JNa-81_stone-1-1,JNa-81_stone-1,xaːl-te-t,141,false,expert,Davletshin2012,,,
Pip-81_stone-1-1,Pip-81_stone-1,te-t,141,false,expert,Davletshin2012,,,
Poch-81_stone-1-1,Poch-81_stone-1,to-t,141,false,expert,Davletshin2012,,,
CNa-82_sun-1-1,CNa-82_sun-1,toːna-tiw,142,false,expert,Davletshin2012,,,
TNa-82_sun-1-1,TNa-82_sun-1,tunaliː,142,false,expert,Davletshin2012,,,
NPN-82_sun-1-1,NPN-82_sun-1,tonal-tzin-tli,142,false,expert,Davletshin2012,,,
MNa-82_sun-1-1,MNa-82_sun-1,to-tah-tziːn,143,false,expert,Davletshin2012,,,
PNa-82_sun-1-1,PNa-82_sun-1,toːnati,142,false,expert,Davletshin2012,,,
JNa-82_sun-1-1,JNa-82_sun-1,rontin,142,false,expert,Davletshin2012,,,
Pip-82_sun-1-1,Pip-82_sun-1,tuːnal,142,false,expert,Davletshin2012,,,
Poch-82_sun-1-1,Poch-82_sun-1,tunél,142,false,expert,Davletshin2012,,,
CNa-83_swim-1-1,CNa-83_swim-1,aː-wilaːn,144,false,expert,Davletshin2012,,,
TNa-83_swim-1-1,TNa-83_swim-1,m-ö-biːlöna,144,false,expert,Davletshin2012,,,
NPN-83_swim-1-1,NPN-83_swim-1,m-al-tiya,145,false,expert,Davletshin2012,,,
MNa-83_swim-1-1,MNa-83_swim-1,aː-pataːni,146,false,expert,Davletshin2012,,,
PNa-83_swim-1-1,PNa-83_swim-1,-aːhkia,146,false,expert,Davletshin2012,,,
CNa-84_tail-1-1,CNa-84_tail-1,kwitlapil-li,147,false,expert,Davletshin2012,,,
TNa-84_tail-1-1,TNa-84_tail-1,-kwiːtlapiːl,147,false,expert,Davletshin2012,,,
NPN-84_tail-1-1,NPN-84_tail-1,-kwitlapil,147,false,expert,Davletshin2012,,,
MNa-84_tail-1-1,MNa-84_tail-1,kwitapiːl,147,false,expert,Davletshin2012,,,
PNa-84_tail-1-1,PNa-84_tail-1,-bitapil,147,false,expert,Davletshin2012,,,
JNa-84_tail-1-1,JNa-84_tail-1,-bwirapil,147,false,expert,Davletshin2012,,,
Pip-84_tail-1-1,Pip-84_tail-1,-kwitlapil,147,false,expert,Davletshin2012,,,
CNa-85_that-1-1,CNa-85_that-1,in-oːn,148,false,expert,Davletshin2012,,,
TNa-85_that-1-1,TNa-85_that-1,iːn-u,148,false,expert,Davletshin2012,,,
NPN-85_that-1-1,NPN-85_that-1,in-on,148,false,expert,Davletshin2012,,,
MNa-85_that-1-1,MNa-85_that-1,in-eːpa,149,false,expert,Davletshin2012,,,
PNa-85_that-1-1,PNa-85_that-1,hoːn,148,false,expert,Davletshin2012,,,
JNa-85_that-1-1,JNa-85_that-1,huːni,148,false,expert,Davletshin2012,,,
Pip-85_that-1-1,Pip-85_that-1,uni,148,false,expert,Davletshin2012,,,
Poch-85_that-1-1,Poch-85_that-1,namél,150,false,expert,Davletshin2012,,,
CNa-86_this-1-1,CNa-86_this-1,in-iːn,151,false,expert,Davletshin2012,,,
TNa-86_this-1-1,TNa-86_this-1,in-i,151,false,expert,Davletshin2012,,,
NPN-86_this-1-1,NPN-86_this-1,in-in,151,false,expert,Davletshin2012,,,
MNa-86_this-1-1,MNa-86_this-1,in-iːn,151,false,expert,Davletshin2012,,,
PNa-86_this-1-1,PNa-86_this-1,hiːn,151,false,expert,Davletshin2012,,,
JNa-86_this-1-1,JNa-86_this-1,hiːni,151,false,expert,Davletshin2012,,,
Pip-86_this-1-1,Pip-86_this-1,ini,151,false,expert,Davletshin2012,,,
Poch-86_this-1-1,Poch-86_this-1,iná,151,false,expert,Davletshin2012,,,
CNa-87_thou-1-1,CNa-87_thou-1,teʔwaː-tl,152,false,expert,Davletshin2012,,,
TNa-87_thou-1-1,TNa-87_thou-1,taha,152,false,expert,Davletshin2012,,,
NPN-87_thou-1-1,NPN-87_thou-1,tehwa,152,false,expert,Davletshin2012,,,
MNa-87_thou-1-1,MNa-87_thou-1,teh,152,false,expert,Davletshin2012,,,
PNa-87_thou-1-1,PNa-87_thou-1,teha,152,false,expert,Davletshin2012,,,
JNa-87_thou-1-1,JNa-87_thou-1,tehe,152,false,expert,Davletshin2012,,,
Pip-87_thou-1-1,Pip-87_thou-1,ta ~ taha,152,false,expert,Davletshin2012,,,
Poch-87_thou-1-1,Poch-87_thou-1,mwen,153,false,expert,Davletshin2012,,,
CNa-88_tongue-1-1,CNa-88_tongue-1,nene-pil-li,154,false,expert,Davletshin2012,,,
TNa-88_tongue-1-1,TNa-88_tongue-1,-nenepiːl,154,false,expert,Davletshin2012,,,
NPN-88_tongue-1-1,NPN-88_tongue-1,-nenepil,154,false,expert,Davletshin2012,,,
MNa-88_tongue-1-1,MNa-88_tongue-1,lenwa,152,false,expert,Davletshin2012,,,
PNa-88_tongue-1-1,PNa-88_tongue-1,-nenepil,154,false,expert,Davletshin2012,,,
JNa-88_tongue-1-1,JNa-88_tongue-1,-neːnepil,154,false,expert,Davletshin2012,,,
Pip-88_tongue-1-1,Pip-88_tongue-1,-nenepil,154,false,expert,Davletshin2012,,,
Poch-88_tongue-1-1,Poch-88_tongue-1,nenepíl,154,false,expert,Davletshin2012,,,
CNa-89_tooth-1-1,CNa-89_tooth-1,tlan-tli,155,false,expert,Davletshin2012,,,
TNa-89_tooth-1-1,TNa-89_tooth-1,-tlan-koch,155,false,expert,Davletshin2012,,,
NPN-89_tooth-1-1,NPN-89_tooth-1,-tlan,155,false,expert,Davletshin2012,,,
MNa-89_tooth-1-1,MNa-89_tooth-1,tan-ti,155,false,expert,Davletshin2012,,,
PNa-89_tooth-1-1,PNa-89_tooth-1,-tan,155,false,expert,Davletshin2012,,,
JNa-89_tooth-1-1,JNa-89_tooth-1,-taːn,155,false,expert,Davletshin2012,,,
Pip-89_tooth-1-1,Pip-89_tooth-1,-tan,155,false,expert,Davletshin2012,,,
CNa-90_tree-1-1,CNa-90_tree-1,kwaw-tl,156,false,expert,Davletshin2012,,,
TNa-90_tree-1-1,TNa-90_tree-1,kwabiː-tl,156,false,expert,Davletshin2012,,,
NPN-90_tree-1-1,NPN-90_tree-1,kowi-tl,156,false,expert,Davletshin2012,,,
MNa-90_tree-1-1,MNa-90_tree-1,kwawi-ʔ,156,false,expert,Davletshin2012,,,
PNa-90_tree-1-1,PNa-90_tree-1,bawi-t,156,false,expert,Davletshin2012,,,
JNa-90_tree-1-1,JNa-90_tree-1,koi-t,156,false,expert,Davletshin2012,,,
Pip-90_tree-1-1,Pip-90_tree-1,kwawi-t,156,false,expert,Davletshin2012,,,
Poch-90_tree-1-1,Poch-90_tree-1,kwagú-t,156,false,expert,Davletshin2012,,,
CNa-91_two-1-1,CNa-91_two-1,oːme,157,false,expert,Davletshin2012,,,
TNa-91_two-1-1,TNa-91_two-1,ume,157,false,expert,Davletshin2012,,,
NPN-91_two-1-1,NPN-91_two-1,ome,157,false,expert,Davletshin2012,,,
MNa-91_two-1-1,MNa-91_two-1,oːme,157,false,expert,Davletshin2012,,,
PNa-91_two-1-1,PNa-91_two-1,oːme,157,false,expert,Davletshin2012,,,
JNa-91_two-1-1,JNa-91_two-1,uːme,157,false,expert,Davletshin2012,,,
Pip-91_two-1-1,Pip-91_two-1,uːme,157,false,expert,Davletshin2012,,,
Poch-91_two-1-1,Poch-91_two-1,omém,157,false,expert,Davletshin2012,,,
CNa-92_walkgo-1-1,CNa-92_walkgo-1,neʔ-nemi,158,false,expert,Davletshin2012,,,
TNa-92_walkgo-1-1,TNa-92_walkgo-1,neh-nemiː,158,false,expert,Davletshin2012,,,
NPN-92_walkgo-1-1,NPN-92_walkgo-1,neh-nemi,158,false,expert,Davletshin2012,,,
MNa-92_walkgo-1-1,MNa-92_walkgo-1,neh-nemi,158,false,expert,Davletshin2012,,,
PNa-92_walkgo-1-1,PNa-92_walkgo-1,neh-nemi,158,false,expert,Davletshin2012,,,
JNa-92_walkgo-1-1,JNa-92_walkgo-1,neh-nemi,158,false,expert,Davletshin2012,,,
Pip-92_walkgo-1-1,Pip-92_walkgo-1,neh-nemi,158,false,expert,Davletshin2012,,,
Poch-92_walkgo-1-1,Poch-92_walkgo-1,uí,159,false,expert,Davletshin2012,,,
CNa-93_warmhot-1-1,CNa-93_warmhot-1,to-toːn-ki,160,false,expert,Davletshin2012,,,
TNa-93_warmhot-1-1,TNa-93_warmhot-1,totun-kiː,160,false,expert,Davletshin2012,,,
NPN-93_warmhot-1-1,NPN-93_warmhot-1,totonki,160,false,expert,Davletshin2012,,,
MNa-93_warmhot-1-1,MNa-93_warmhot-1,totoːniʔ,160,false,expert,Davletshin2012,,,
PNa-93_warmhot-1-1,PNa-93_warmhot-1,totoːnik,160,false,expert,Davletshin2012,,,
JNa-93_warmhot-1-1,JNa-93_warmhot-1,truːnik,160,false,expert,Davletshin2012,,,
Pip-93_warmhot-1-1,Pip-93_warmhot-1,tutuːnik,160,false,expert,Davletshin2012,,,
Poch-93_warmhot-1-1,Poch-93_warmhot-1,tuní,161,false,expert,Davletshin2012,,,
CNa-94_water-1-1,CNa-94_water-1,aː-tl,162,false,expert,Davletshin2012,,,
TNa-94_water-1-1,TNa-94_water-1,ö-tzin-tli,162,false,expert,Davletshin2012,,,
NPN-94_water-1-1,NPN-94_water-1,a-tl,162,false,expert,Davletshin2012,,,
MNa-94_water-1-1,MNa-94_water-1,aːʔ-ti,162,false,expert,Davletshin2012,,,
PNa-94_water-1-1,PNa-94_water-1,aː-t,162,false,expert,Davletshin2012,,,
JNa-94_water-1-1,JNa-94_water-1,maː-t,163,false,expert,Davletshin2012,,,
Pip-94_water-1-1,Pip-94_water-1,aː-t,162,false,expert,Davletshin2012,,,
Poch-94_water-1-1,Poch-94_water-1,a-t,162,false,expert,Davletshin2012,,,
CNa-95_we-1-1,CNa-95_we-1,teʔwaːn,164,false,expert,Davletshin2012,,,
TNa-95_we-1-1,TNa-95_we-1,tehwa,164,false,expert,Davletshin2012,,,
NPN-95_we-1-1,NPN-95_we-1,tehwan,164,false,expert,Davletshin2012,,,
MNa-95_we-1-1,MNa-95_we-1,tehameh,164,false,expert,Davletshin2012,,,
PNa-95_we-1-1,PNa-95_we-1,tehameh,164,false,expert,Davletshin2012,,,
JNa-95_we-1-1,JNa-95_we-1,tohomen,164,false,expert,Davletshin2012,,,
Pip-95_we-1-1,Pip-95_we-1,tehemet,164,false,expert,Davletshin2012,,,
Poch-95_we-1-1,Poch-95_we-1,twén,164,false,expert,Davletshin2012,,,
CNa-96_what-1-1,CNa-96_what-1,tle,165,false,expert,Davletshin2012,,,
TNa-96_what-1-1,TNa-96_what-1,tliniːnu,165,false,expert,Davletshin2012,,,
NPN-96_what-1-1,NPN-96_what-1,tlen,165,false,expert,Davletshin2012,,,
MNa-96_what-1-1,MNa-96_what-1,teː,165,false,expert,Davletshin2012,,,
PNa-96_what-1-1,PNa-96_what-1,teː,165,false,expert,Davletshin2012,,,
JNa-96_what-1-1,JNa-96_what-1,tai,165,false,expert,Davletshin2012,,,
Pip-96_what-1-1,Pip-96_what-1,taː,165,false,expert,Davletshin2012,,,
Poch-96_what-1-1,Poch-96_what-1,te,165,false,expert,Davletshin2012,,,
CNa-97_white-1-1,CNa-97_white-1,istaːk,166,false,expert,Davletshin2012,,,
TNa-97_white-1-1,TNa-97_white-1,chipːpöwak,166,false,expert,Davletshin2012,,,
NPN-97_white-1-1,NPN-97_white-1,istak,166,false,expert,Davletshin2012,,,
MNa-97_white-1-1,MNa-97_white-1,istaːʔ,166,false,expert,Davletshin2012,,,
PNa-97_white-1-1,PNa-97_white-1,istaːk,166,false,expert,Davletshin2012,,,
JNa-97_white-1-1,JNa-97_white-1,istaːk,166,false,expert,Davletshin2012,,,
Pip-97_white-1-1,Pip-97_white-1,istak,166,false,expert,Davletshin2012,,,
Poch-97_white-1-1,Poch-97_white-1,chupék,167,false,expert,Davletshin2012,,,
CNa-98_who-1-1,CNa-98_who-1,aːk,168,false,expert,Davletshin2012,,,
TNa-98_who-1-1,TNa-98_who-1,ökiːnu,168,false,expert,Davletshin2012,,,
NPN-98_who-1-1,NPN-98_who-1,akin,168,false,expert,Davletshin2012,,,
MNa-98_who-1-1,MNa-98_who-1,aːʔ,168,false,expert,Davletshin2012,,,
PNa-98_who-1-1,PNa-98_who-1,aːk,168,false,expert,Davletshin2012,,,
JNa-98_who-1-1,JNa-98_who-1,aik,168,false,expert,Davletshin2012,,,
Pip-98_who-1-1,Pip-98_who-1,kaː ~ kah ~ kahuni,169,false,expert,Davletshin2012,,,
Poch-98_who-1-1,Poch-98_who-1,ak,168,false,expert,Davletshin2012,,,
CNa-99_woman-1-1,CNa-99_woman-1,siwaː-tl ~ sowa-tl,170,false,expert,Davletshin2012,,,
TNa-99_woman-1-1,TNa-99_woman-1,sowa-tl,170,false,expert,Davletshin2012,,,
NPN-99_woman-1-1,NPN-99_woman-1,siwa-tl,170,false,expert,Davletshin2012,,,
MNa-99_woman-1-1,MNa-99_woman-1,siwaː-ʔ,170,false,expert,Davletshin2012,,,
PNa-99_woman-1-1,PNa-99_woman-1,soáː-t,170,false,expert,Davletshin2012,,,
JNa-99_woman-1-1,JNa-99_woman-1,suwa-t,170,false,expert,Davletshin2012,,,
Pip-99_woman-1-1,Pip-99_woman-1,siwaː-t,170,false,expert,Davletshin2012,,,
Poch-99_woman-1-1,Poch-99_woman-1,g’las-t,171,false,expert,Davletshin2012,,,
CNa-100_yellow-1-1,CNa-100_yellow-1,kos-tik,172,false,expert,Davletshin2012,,,
TNa-100_yellow-1-1,TNa-100_yellow-1,kostiːk,172,false,expert,Davletshin2012,,,
NPN-100_yellow-1-1,NPN-100_yellow-1,kostik,172,false,expert,Davletshin2012,,,
MNa-100_yellow-1-1,MNa-100_yellow-1,kostiʔ,172,false,expert,Davletshin2012,,,
PNa-100_yellow-1-1,PNa-100_yellow-1,gostik,172,false,expert,Davletshin2012,,,
JNa-100_yellow-1-1,JNa-100_yellow-1,yuksik,173,false,expert,Davletshin2012,,,
Pip-100_yellow-1-1,Pip-100_yellow-1,tultik,174,false,expert,Davletshin2012,,,
